{
  "id": "d52bb9d1-643f-43b0-addd-35989766ff9b",
  "generation": 0,
  "iteration": 0,
  "current_iteration": 20,
  "metrics": {
    "makespan": 328.95037317276,
    "p95_ms": 0.003,
    "slo_ok": 1.0,
    "combined_score": -328.95037317276
  },
  "language": "python",
  "timestamp": 1778758203.022748,
  "saved_at": 1778759864.389302
}